{
	"class_name" : "PinholeCameraParameters",
	"extrinsic" : 
	[
		0.87432563606157854,
		0.082129347226804816,
		-0.4783403102913395,
		0.0,
		-0.16440138771816579,
		-0.8771957559335084,
		-0.45110950941936723,
		0.0,
		-0.45664741961589733,
		0.47305641956994926,
		-0.753452558600608,
		0.0,
		0.080142430561198741,
		-0.10740756706074903,
		0.47598132823865086,
		1.0
	],
	"intrinsic" : 
	{
		"height" : 1061,
		"intrinsic_matrix" : 
		[
			918.85295341528945,
			0.0,
			0.0,
			0.0,
			918.85295341528945,
			0.0,
			959.5,
			530.0,
			1.0
		],
		"width" : 1920
	},
	"version_major" : 1,
	"version_minor" : 0
}