{
	"class_name" : "PinholeCameraParameters",
	"extrinsic" : 
	[
		0.99588994715323453,
		0.078807274652306164,
		-0.044638846546521754,
		0.0,
		0.048205613315106192,
		-0.87845239283057253,
		-0.47539206175025256,
		0.0,
		-0.076677454339867029,
		0.47128633227807221,
		-0.87864086008097764,
		0.0,
		-0.10119866007273272,
		-0.10558637689118551,
		0.47125391913620485,
		1.0
	],
	"intrinsic" : 
	{
		"height" : 1061,
		"intrinsic_matrix" : 
		[
			918.85295341528945,
			0.0,
			0.0,
			0.0,
			918.85295341528945,
			0.0,
			959.5,
			530.0,
			1.0
		],
		"width" : 1920
	},
	"version_major" : 1,
	"version_minor" : 0
}