{
	"class_name" : "PinholeCameraParameters",
	"extrinsic" : 
	[
		0.94086498001908381,
		-0.13358552438694277,
		0.31133261481565788,
		0.0,
		0.027694257159297214,
		0.94622867631165031,
		0.32231090618515662,
		0.0,
		-0.33764791942803973,
		-0.29462891881104886,
		0.89397297649657648,
		0.0,
		4.9176218396671736,
		2.2913566603624891,
		12.278512791100711,
		1.0
	],
	"intrinsic" : 
	{
		"height" : 600,
		"intrinsic_matrix" : 
		[
			519.6152422706632,
			0.0,
			0.0,
			0.0,
			519.6152422706632,
			0.0,
			399.5,
			299.5,
			1.0
		],
		"width" : 800
	},
	"version_major" : 1,
	"version_minor" : 0
}