{
	"class_name" : "PinholeCameraParameters",
	"extrinsic" : 
	[
		0.94346832597416563,
		-0.12596143038412203,
		0.30659620992290737,
		0.0,
		-0.0025906441235813704,
		0.92214905790307233,
		0.38682606371792105,
		0.0,
		-0.3314525704328305,
		-0.36575242044867207,
		0.86969210671904307,
		0.0,
		4.8986273079271321,
		3.9451052235799962,
		20.999874019067708,
		1.0
	],
	"intrinsic" : 
	{
		"height" : 1055,
		"intrinsic_matrix" : 
		[
			913.65680099258282,
			0.0,
			0.0,
			0.0,
			913.65680099258282,
			0.0,
			959.5,
			527.0,
			1.0
		],
		"width" : 1920
	},
	"version_major" : 1,
	"version_minor" : 0
}