{
	"class_name" : "PinholeCameraParameters",
	"extrinsic" : 
	[
		0.98753870524436138,
		-0.08243620962601271,
		0.13405811048491859,
		0.0,
		0.062491285427497024,
		0.98720251955424521,
		0.14671749940402259,
		0.0,
		-0.14443733897406741,
		-0.13651174575195485,
		0.98005224267987068,
		0.0,
		0.24404590462868425,
		-1.657917389498218,
		20.192098223865919,
		1.0
	],
	"intrinsic" : 
	{
		"height" : 1055,
		"intrinsic_matrix" : 
		[
			913.65680099258282,
			0.0,
			0.0,
			0.0,
			913.65680099258282,
			0.0,
			959.5,
			527.0,
			1.0
		],
		"width" : 1920
	},
	"version_major" : 1,
	"version_minor" : 0
}