{
	"class_name" : "PinholeCameraParameters",
	"extrinsic" : 
	[
		0.98990592508180053,
		-0.035366940440045194,
		0.13724226394174321,
		0.0,
		-0.054294144173951814,
		0.79985335837737015,
		0.59773468278230302,
		0.0,
		-0.13091373265002776,
		-0.59915255537830481,
		0.7898593608910921,
		0.0,
		0.54127645405327074,
		9.6037468535645196,
		-7.4241112252501873,
		1.0
	],
	"intrinsic" : 
	{
		"height" : 991,
		"intrinsic_matrix" : 
		[
			858.2311751503787,
			0.0,
			0.0,
			0.0,
			858.2311751503787,
			0.0,
			959.5,
			495.0,
			1.0
		],
		"width" : 1920
	},
	"version_major" : 1,
	"version_minor" : 0
}