{
	"class_name" : "PinholeCameraParameters",
	"extrinsic" : 
	[
		0.99210678948327136,
		-0.046989806552974855,
		0.11625866136039134,
		0.0,
		0.019781034347848885,
		0.97417176406757067,
		0.22494018043383657,
		0.0,
		-0.12382580079016399,
		-0.22086496366239652,
		0.96741192823175537,
		0.0,
		0.0081111700416955923,
		0.25926958813197243,
		-9.5110623164011407,
		1.0
	],
	"intrinsic" : 
	{
		"height" : 991,
		"intrinsic_matrix" : 
		[
			858.2311751503787,
			0.0,
			0.0,
			0.0,
			858.2311751503787,
			0.0,
			959.5,
			495.0,
			1.0
		],
		"width" : 1920
	},
	"version_major" : 1,
	"version_minor" : 0
}